question,answer,contexts,ground_truths
What are the key components of the word2vec model according to Mikolov et al.?,I don't know.,"['This note provides detailed derivations and explanations of the parameter up-\ndate equations of the word2vec models, including the original continuous bag-of-word\n(CBOW) and skip-gram (SG) models, as well as advanced optimization techniques,'
 'This note provides detailed derivations and explanations of the parameter up-\ndate equations of the word2vec models, including the original continuous bag-of-word\n(CBOW) and skip-gram (SG) models, as well as advanced optimization techniques,']",['The key components of the word2vec model according to Mikolov et al. are the continuous bag of words (CBOW) model and the skip-gram model.']
How have word2vec models been utilized in NLP tasks according to recent research?,Word2vec models have been shown to carry semantic meanings and are useful in various NLP tasks.,"['by word2vec models have been shown to carry semantic meanings and are useful in\nvarious NLP tasks. As an increasing number of researchers would like to experiment\nwith word2vec or similar techniques, I notice that there lacks a material that compre-'
 'by word2vec models have been shown to carry semantic meanings and are useful in\nvarious NLP tasks. As an increasing number of researchers would like to experiment\nwith word2vec or similar techniques, I notice that there lacks a material that compre-']",['Word2vec models have been utilized in various NLP tasks as the vector representations of words learned by these models carry semantic meanings and have shown to be useful.']
What are the key steps involved in the parameter learning process of word embedding models?,I don't know,"['various NLP tasks. As an increasing number of researchers would like to experiment\nwith word2vec or similar techniques, I notice that there lacks a material that compre-\nhensively explains the parameter learning process of word embedding models in details,'
 'various NLP tasks. As an increasing number of researchers would like to experiment\nwith word2vec or similar techniques, I notice that there lacks a material that compre-\nhensively explains the parameter learning process of word embedding models in details,']","['The key steps involved in the parameter learning process of word embedding models include data preprocessing, defining the model architecture, initializing the model parameters, training the model using a large corpus of text data, and fine-tuning the model to optimize performance.']"
How does the note prevent non-experts in neural networks from understanding the working mechanism of word embedding models?,The note prevents non-experts in neural networks from understanding the working mechanism of word embedding models by providing detailed derivations and explanations of the parameter learning process.,"['hensively explains the parameter learning process of word embedding models in details,\nthus preventing researchers that are non-experts in neural networks from understanding\nthe working mechanism of such models.\nThis note provides detailed derivations and explanations of the parameter up-'
 'hensively explains the parameter learning process of word embedding models in details,\nthus preventing researchers that are non-experts in neural networks from understanding\nthe working mechanism of such models.\nThis note provides detailed derivations and explanations of the parameter up-']",['The note prevents non-experts in neural networks from understanding the working mechanism of word embedding models by providing detailed derivations and explanations of the parameter learning process.']
What are the parameter update equations for the original continuous bag-of-word (CBOW) and skip-gram (SG) models in word2vec?,The parameter update equations for the original continuous bag-of-word (CBOW) and skip-gram (SG) models in word2vec are provided in the document.,"['This note provides detailed derivations and explanations of the parameter up-\ndate equations of the word2vec models, including the original continuous bag-of-word\n(CBOW) and skip-gram (SG) models, as well as advanced optimization techniques,'
 'This note provides detailed derivations and explanations of the parameter up-\ndate equations of the word2vec models, including the original continuous bag-of-word\n(CBOW) and skip-gram (SG) models, as well as advanced optimization techniques,']","['The parameter update equations for the original continuous bag-of-word (CBOW) model in word2vec involve updating the weights based on the difference between the predicted word and the actual word. The skip-gram model, on the other hand, updates the weights based on the context words surrounding the target word.']"
What are the differences between CBOW and skip-gram models in word embeddings?,I don't know.,"['vectors of CBOW. For the skip-gram model, we need to calculate a EH value for each word\nin the skip-gram context, and plug the sum of the EH values into (35) to obtain the update\nequation for the input vector.\nFrom the update equations, we can see that the computational complexity per training'
 'vectors of CBOW. For the skip-gram model, we need to calculate a EH value for each word\nin the skip-gram context, and plug the sum of the EH values into (35) to obtain the update\nequation for the input vector.\nFrom the update equations, we can see that the computational complexity per training']","['CBOW and skip-gram models are two popular architectures for training word embeddings. CBOW predicts the target word based on the context words surrounding it, while skip-gram predicts the context words given the target word. CBOW is faster to train but may not perform as well on rare words, while skip-gram is slower but can capture more information about infrequent words.']"
"What is the purpose of the interactive demo, wevi, created by the author?",To visually examine the movement of input vectors and output vectors as each training instance is consumed.,"['The demo allows the user to visually examine the movement of input vectors and output\nvectors as each training instance is consumed. The training process can be also run in batch\nmode (e.g., consuming 500 training instances in a row), which can reveal the emergence of'
 'The demo allows the user to visually examine the movement of input vectors and output\nvectors as each training instance is consumed. The training process can be also run in batch\nmode (e.g., consuming 500 training instances in a row), which can reveal the emergence of']","['The purpose of the interactive demo, wevi, created by the author is to facilitate the intuitive understanding of the model.']"
"In the Continuous Bag-of-Word Model, what is the simplest version introduced in Mikolov et al. (2013a)?","In the Continuous Bag-of-Word Model, the simplest version introduced in Mikolov et al. (2013a) is the one-word context.","['standing of the model.1\n1 Continuous Bag-of-Word Model\n1.1 One-word context\nWe start from the simplest version of the continuous bag-of-word model (CBOW) intro-\nduced in Mikolov et al. (2013a). We assume that there is only one word considered per'
 'standing of the model.1\n1 Continuous Bag-of-Word Model\n1.1 One-word context\nWe start from the simplest version of the continuous bag-of-word model (CBOW) intro-\nduced in Mikolov et al. (2013a). We assume that there is only one word considered per']",['The simplest version introduced in Mikolov et al. (2013a) is the continuous bag-of-word model (CBOW) where only one word is considered per context.']
What is the approach used in the model introduced by Mikolov et al. (2013a)?,I don't know,"['-woman .\nIt is hoped that by interacting with this demo one can quickly gain insights of the\nworking mechanism of the model. The system is available at http://bit.ly/wevi-online .\nThe source code is available at http://github.com/ronxin/wevi .'
 'This shows why we may save a signi\x0ccant amount of computational e\x0bort per iteration.\nThe intuitive understanding of the above update equation should be the same as that\nof (11). This equation can be used for both CBOW and the skip-gram model. For the']","['The approach used in the model introduced by Mikolov et al. (2013a) is to predict one target word given one context word, similar to a bigram model.']"
What is the purpose of Appendix A in the context of neural networks?,I don't know.,"['ij between the hidden and output layers. We assume that all the\nand hidden layers, and w(cid:48)\n17\n\x0cFigure 6: A multi-layer neural network with one hidden layer\ncomputation units (i.e., units in the hidden layer and the output layer) use the logistic'
 'ij between the hidden and output layers. We assume that all the\nand hidden layers, and w(cid:48)\n17\n\x0cFigure 6: A multi-layer neural network with one hidden layer\ncomputation units (i.e., units in the hidden layer and the output layer) use the logistic']",['Appendix A serves as a quick review of important concepts and terminologies for readers who are new to neural networks.']
